Pregnancies,Glucose,BloodPressure,SkinThickness,Insulin,BMI,DiabetesPedigreeFunction,Age,Prediction_Label
3,152.68444087299918,75.42747123452355,23.538553506006625,100.18117772304588,30.662933458059378,0.3485922348180015,60.28830624340873,Positive
